Element_Combination,Lattice_Parameter,USFE
Mo0.01Nb0.99,3.32079,943.875
Mo0.02Nb0.98,3.31881,951.405
Mo0.03Nb0.97,3.31683,963.53
Mo0.04Nb0.96,3.31485,971.205
Mo0.05Nb0.95,3.31287,978.805
Mo0.06Nb0.94,3.31089,985.625
Mo0.07Nb0.93,3.30924,992.45
Mo0.08Nb0.92,3.30726,1012.28
Mo0.09Nb0.91,3.30528,1018.33
Mo0.10Nb0.90,3.30363,1029.89
Mo0.11Nb0.89,3.30165,1034.79
Mo0.12Nb0.88,3.3,1037.36
Mo0.13Nb0.87,3.29802,1045.99
Mo0.14Nb0.86,3.29637,1062.75
Mo0.15Nb0.85,3.29472,1067.76
Mo0.16Nb0.84,3.29274,1076.9
Mo0.17Nb0.83,3.29109,1081.99
Mo0.18Nb0.82,3.28944,1092.71
Mo0.19Nb0.81,3.28779,1104.75
Mo0.20Nb0.80,3.28581,1112.13
Mo0.21Nb0.79,3.28416,1119.2
Mo0.22Nb0.78,3.28251,1127.95
Mo0.23Nb0.77,3.28086,1126.98
Mo0.24Nb0.76,3.27921,1138.09
Mo0.25Nb0.75,3.27756,1145.52
Mo0.26Nb0.74,3.27591,1153.97
Mo0.27Nb0.73,3.27426,1164.62
Mo0.28Nb0.72,3.27261,1165.42
Mo0.29Nb0.71,3.27096,1182.4
Mo0.30Nb0.70,3.26964,1187.06
Mo0.31Nb0.69,3.26799,1192.0
Mo0.32Nb0.68,3.26634,1200.11
Mo0.33Nb0.67,3.26469,1209.82
Mo0.34Nb0.66,3.26304,1219.72
Mo0.35Nb0.65,3.26139,1226.25
Mo0.36Nb0.64,3.26007,1238.71
Mo0.37Nb0.63,3.25842,1253.72
Mo0.38Nb0.62,3.25677,1259.5
Mo0.39Nb0.61,3.25512,1261.12
Mo0.40Nb0.60,3.2538,1277.83
Mo0.41Nb0.59,3.25215,1275.42
Mo0.42Nb0.58,3.2505,1299.52
Mo0.43Nb0.57,3.24885,1286.97
Mo0.44Nb0.56,3.24753,1296.48
Mo0.45Nb0.55,3.24588,1306.82
Mo0.46Nb0.54,3.24423,1313.71
Mo0.47Nb0.53,3.24291,1330.6
Mo0.48Nb0.52,3.24126,1325.11
Mo0.49Nb0.51,3.23994,1329.79
Mo0.50Nb0.50,3.23829,1344.71
Mo0.51Nb0.49,3.23664,1349.71
Mo0.52Nb0.48,3.23532,1354.4
Mo0.53Nb0.47,3.23367,1363.41
Mo0.54Nb0.46,3.23235,1372.12
Mo0.55Nb0.45,3.2307,1379.17
Mo0.56Nb0.44,3.22938,1383.49
Mo0.57Nb0.43,3.22773,1386.79
Mo0.58Nb0.42,3.22641,1387.24
Mo0.59Nb0.41,3.22476,1389.39
Mo0.60Nb0.40,3.22344,1391.72
Mo0.61Nb0.39,3.22179,1409.38
Mo0.62Nb0.38,3.22047,1405.04
Mo0.63Nb0.37,3.21882,1413.33
Mo0.64Nb0.36,3.2175,1415.49
Mo0.65Nb0.35,3.21585,1423.72
Mo0.66Nb0.34,3.21453,1428.33
Mo0.67Nb0.33,3.21321,1433.67
Mo0.68Nb0.32,3.21156,1439.82
Mo0.69Nb0.31,3.21024,1446.15
Mo0.70Nb0.30,3.20859,1446.91
Mo0.71Nb0.29,3.20727,1451.7
Mo0.72Nb0.28,3.20595,1451.44
Mo0.73Nb0.27,3.20463,1458.23
Mo0.74Nb0.26,3.20298,1459.47
Mo0.75Nb0.25,3.20166,1468.0
Mo0.76Nb0.24,3.20034,1466.93
Mo0.77Nb0.23,3.19869,1471.95
Mo0.78Nb0.22,3.19737,1467.43
Mo0.79Nb0.21,3.19605,1474.09
Mo0.80Nb0.20,3.19473,1475.74
Mo0.81Nb0.19,3.19341,1475.42
Mo0.82Nb0.18,3.19176,1476.83
Mo0.83Nb0.17,3.19044,1479.69
Mo0.84Nb0.16,3.18912,1482.54
Mo0.85Nb0.15,3.1878,1482.5
Mo0.86Nb0.14,3.18648,1486.76
Mo0.87Nb0.13,3.18516,1487.75
Mo0.88Nb0.12,3.18384,1485.36
Mo0.89Nb0.11,3.18252,1485.88
Mo0.90Nb0.10,3.1812,1486.82
Mo0.91Nb0.09,3.17988,1486.29
Mo0.92Nb0.08,3.17856,1486.55
Mo0.93Nb0.07,3.17691,1487.45
Mo0.94Nb0.06,3.17559,1488.24
Mo0.95Nb0.05,3.17427,1489.72
Mo0.96Nb0.04,3.17295,1485.49
Mo0.97Nb0.03,3.17163,1485.41
Mo0.98Nb0.02,3.17031,1486.94
Mo0.99Nb0.01,3.16899,1486.63
Mo0.01Ta0.99,3.32145,963.395
Mo0.02Ta0.98,3.3198,974.89
Mo0.03Ta0.97,3.31782,986.3
Mo0.04Ta0.96,3.31617,995.73
Mo0.05Ta0.95,3.31419,1004.3
Mo0.06Ta0.94,3.31221,1011.91
Mo0.07Ta0.93,3.31056,1025.33
Mo0.08Ta0.92,3.30858,1040.6
Mo0.09Ta0.91,3.30693,1046.94
Mo0.10Ta0.90,3.30495,1055.17
Mo0.11Ta0.89,3.3033,1063.78
Mo0.12Ta0.88,3.30132,1070.64
Mo0.13Ta0.87,3.29967,1075.14
Mo0.14Ta0.86,3.29769,1094.84
Mo0.15Ta0.85,3.29604,1102.0
Mo0.16Ta0.84,3.29406,1109.56
Mo0.17Ta0.83,3.29241,1115.37
Mo0.18Ta0.82,3.29043,1128.56
Mo0.19Ta0.81,3.28878,1139.66
Mo0.20Ta0.80,3.28713,1144.1
Mo0.21Ta0.79,3.28515,1153.16
Mo0.22Ta0.78,3.2835,1157.87
Mo0.23Ta0.77,3.28152,1167.51
Mo0.24Ta0.76,3.27987,1171.06
Mo0.25Ta0.75,3.27822,1184.16
Mo0.26Ta0.74,3.27624,1189.5
Mo0.27Ta0.73,3.27459,1205.57
Mo0.28Ta0.72,3.27294,1213.36
Mo0.29Ta0.71,3.27096,1225.33
Mo0.30Ta0.70,3.26931,1225.76
Mo0.31Ta0.69,3.26766,1235.75
Mo0.32Ta0.68,3.26601,1251.46
Mo0.33Ta0.67,3.26436,1253.8
Mo0.34Ta0.66,3.26271,1277.09
Mo0.35Ta0.65,3.26106,1270.92
Mo0.36Ta0.64,3.25908,1287.1
Mo0.37Ta0.63,3.25743,1291.06
Mo0.38Ta0.62,3.25578,1308.55
Mo0.39Ta0.61,3.25413,1309.93
Mo0.40Ta0.60,3.25248,1320.07
Mo0.41Ta0.59,3.25083,1326.74
Mo0.42Ta0.58,3.24918,1331.21
Mo0.43Ta0.57,3.24786,1338.35
Mo0.44Ta0.56,3.24621,1365.66
Mo0.45Ta0.55,3.24456,1359.84
Mo0.46Ta0.54,3.24291,1382.96
Mo0.47Ta0.53,3.24126,1371.9
Mo0.48Ta0.52,3.23994,1379.01
Mo0.49Ta0.51,3.23829,1395.0
Mo0.50Ta0.50,3.23664,1400.62
Mo0.51Ta0.49,3.23532,1406.2
Mo0.52Ta0.48,3.23367,1413.1
Mo0.53Ta0.47,3.23202,1421.88
Mo0.54Ta0.46,3.2307,1427.34
Mo0.55Ta0.45,3.22905,1434.23
Mo0.56Ta0.44,3.22773,1442.8
Mo0.57Ta0.43,3.22608,1445.3
Mo0.58Ta0.42,3.22476,1447.62
Mo0.59Ta0.41,3.22311,1447.81
Mo0.60Ta0.40,3.22179,1456.74
Mo0.61Ta0.39,3.22014,1460.67
Mo0.62Ta0.38,3.21882,1465.24
Mo0.63Ta0.37,3.2175,1471.04
Mo0.64Ta0.36,3.21585,1472.66
Mo0.65Ta0.35,3.21453,1481.62
Mo0.66Ta0.34,3.21321,1482.72
Mo0.67Ta0.33,3.21156,1489.49
Mo0.68Ta0.32,3.21024,1494.7
Mo0.69Ta0.31,3.20892,1501.46
Mo0.70Ta0.30,3.2076,1496.3
Mo0.71Ta0.29,3.20628,1500.99
Mo0.72Ta0.28,3.20463,1504.31
Mo0.73Ta0.27,3.20331,1511.52
Mo0.74Ta0.26,3.20199,1506.28
Mo0.75Ta0.25,3.20067,1500.26
Mo0.76Ta0.24,3.19935,1514.33
Mo0.77Ta0.23,3.19803,1518.74
Mo0.78Ta0.22,3.19671,1517.18
Mo0.79Ta0.21,3.19539,1518.0
Mo0.80Ta0.20,3.19407,1509.57
Mo0.81Ta0.19,3.19275,1516.57
Mo0.82Ta0.18,3.19143,1514.96
Mo0.83Ta0.17,3.19011,1517.48
Mo0.84Ta0.16,3.18879,1514.91
Mo0.85Ta0.15,3.18747,1517.88
Mo0.86Ta0.14,3.18615,1514.76
Mo0.87Ta0.13,3.18483,1514.71
Mo0.88Ta0.12,3.18351,1514.78
Mo0.89Ta0.11,3.18219,1515.08
Mo0.90Ta0.10,3.18087,1510.13
Mo0.91Ta0.09,3.17955,1510.7
Mo0.92Ta0.08,3.17823,1509.64
Mo0.93Ta0.07,3.17691,1505.29
Mo0.94Ta0.06,3.17559,1504.23
Mo0.95Ta0.05,3.17427,1502.16
Mo0.96Ta0.04,3.17295,1497.7
Mo0.97Ta0.03,3.17163,1496.19
Mo0.98Ta0.02,3.17031,1495.14
Mo0.99Ta0.01,3.16899,1492.13
Mo0.01V0.99,2.99838,868.17
Mo0.02V0.98,3.00069,881.89
Mo0.03V0.97,3.00267,897.175
Mo0.04V0.96,3.00465,909.225
Mo0.05V0.95,3.00663,920.565
Mo0.06V0.94,3.00894,929.275
Mo0.07V0.93,3.01092,943.815
Mo0.08V0.92,3.0129,962.62
Mo0.09V0.91,3.01455,970.855
Mo0.10V0.90,3.01653,981.365
Mo0.11V0.89,3.01851,991.16
Mo0.12V0.88,3.02049,1000.49
Mo0.13V0.87,3.02214,1011.4
Mo0.14V0.86,3.02412,1033.78
Mo0.15V0.85,3.0261,1038.25
Mo0.16V0.84,3.02775,1053.42
Mo0.17V0.83,3.02973,1061.42
Mo0.18V0.82,3.03138,1072.68
Mo0.19V0.81,3.03336,1091.37
Mo0.20V0.80,3.03501,1101.13
Mo0.21V0.79,3.03666,1111.87
Mo0.22V0.78,3.03864,1118.2
Mo0.23V0.77,3.04029,1123.34
Mo0.24V0.76,3.04194,1134.11
Mo0.25V0.75,3.04392,1146.33
Mo0.26V0.74,3.04557,1154.1
Mo0.27V0.73,3.04722,1169.41
Mo0.28V0.72,3.04887,1179.24
Mo0.29V0.71,3.05052,1191.72
Mo0.30V0.70,3.0525,1191.72
Mo0.31V0.69,3.05415,1201.28
Mo0.32V0.68,3.0558,1218.11
Mo0.33V0.67,3.05745,1222.92
Mo0.34V0.66,3.0591,1245.4
Mo0.35V0.65,3.06075,1242.93
Mo0.36V0.64,3.0624,1265.86
Mo0.37V0.63,3.06405,1266.34
Mo0.38V0.62,3.0657,1288.69
Mo0.39V0.61,3.06735,1288.64
Mo0.40V0.60,3.069,1307.98
Mo0.41V0.59,3.07065,1307.17
Mo0.42V0.58,3.0723,1312.32
Mo0.43V0.57,3.07395,1319.6
Mo0.44V0.56,3.0756,1332.05
Mo0.45V0.55,3.07725,1343.17
Mo0.46V0.54,3.0789,1349.55
Mo0.47V0.53,3.08055,1353.93
Mo0.48V0.52,3.0822,1360.55
Mo0.49V0.51,3.08385,1369.35
Mo0.50V0.50,3.0855,1383.89
Mo0.51V0.49,3.08715,1389.92
Mo0.52V0.48,3.0888,1395.25
Mo0.53V0.47,3.09045,1405.22
Mo0.54V0.46,3.0921,1413.3
Mo0.55V0.45,3.09375,1418.42
Mo0.56V0.44,3.0954,1423.83
Mo0.57V0.43,3.09705,1426.99
Mo0.58V0.42,3.09837,1430.61
Mo0.59V0.41,3.10002,1443.26
Mo0.60V0.40,3.10167,1434.49
Mo0.61V0.39,3.10332,1451.64
Mo0.62V0.38,3.10497,1444.84
Mo0.63V0.37,3.10662,1461.47
Mo0.64V0.36,3.10827,1458.79
Mo0.65V0.35,3.10992,1476.41
Mo0.66V0.34,3.11124,1479.53
Mo0.67V0.33,3.11289,1476.66
Mo0.68V0.32,3.11454,1480.32
Mo0.69V0.31,3.11619,1484.32
Mo0.70V0.30,3.11784,1487.0
Mo0.71V0.29,3.11949,1488.29
Mo0.72V0.28,3.12114,1491.67
Mo0.73V0.27,3.12279,1492.7
Mo0.74V0.26,3.12444,1493.82
Mo0.75V0.25,3.12609,1503.46
Mo0.76V0.24,3.12741,1505.25
Mo0.77V0.23,3.12906,1508.1
Mo0.78V0.22,3.13071,1507.05
Mo0.79V0.21,3.13236,1507.71
Mo0.80V0.20,3.13401,1507.72
Mo0.81V0.19,3.13566,1506.85
Mo0.82V0.18,3.13731,1505.92
Mo0.83V0.17,3.13896,1509.33
Mo0.84V0.16,3.14061,1508.36
Mo0.85V0.15,3.14226,1509.15
Mo0.86V0.14,3.14391,1504.93
Mo0.87V0.13,3.14556,1507.2
Mo0.88V0.12,3.14721,1507.26
Mo0.89V0.11,3.14886,1505.89
Mo0.90V0.10,3.15051,1505.84
Mo0.91V0.09,3.15216,1503.5
Mo0.92V0.08,3.15414,1501.88
Mo0.93V0.07,3.15579,1499.66
Mo0.94V0.06,3.15744,1497.14
Mo0.95V0.05,3.15909,1495.81
Mo0.96V0.04,3.16074,1493.92
Mo0.97V0.03,3.16272,1491.02
Mo0.98V0.02,3.16437,1489.66
Mo0.99V0.01,3.16602,1487.82
Mo0.01W0.99,3.18978,1791.25
Mo0.02W0.98,3.18978,1789.37
Mo0.03W0.97,3.18945,1789.08
Mo0.04W0.96,3.18945,1786.8
Mo0.05W0.95,3.18912,1786.67
Mo0.06W0.94,3.18912,1785.17
Mo0.07W0.93,3.18879,1784.48
Mo0.08W0.92,3.18879,1781.56
Mo0.09W0.91,3.18846,1781.28
Mo0.10W0.90,3.18846,1779.08
Mo0.11W0.89,3.18813,1778.92
Mo0.12W0.88,3.1878,1778.45
Mo0.13W0.87,3.1878,1776.62
Mo0.14W0.86,3.18747,1775.74
Mo0.15W0.85,3.18747,1774.11
Mo0.16W0.84,3.18714,1772.64
Mo0.17W0.83,3.18714,1771.15
Mo0.18W0.82,3.18681,1769.22
Mo0.19W0.81,3.18681,1766.03
Mo0.20W0.80,3.18648,1765.27
Mo0.21W0.79,3.18615,1763.2
Mo0.22W0.78,3.18615,1761.1
Mo0.23W0.77,3.18582,1760.92
Mo0.24W0.76,3.18582,1758.17
Mo0.25W0.75,3.18549,1757.65
Mo0.26W0.74,3.18549,1755.8
Mo0.27W0.73,3.18516,1755.05
Mo0.28W0.72,3.18483,1752.3
Mo0.29W0.71,3.18483,1748.85
Mo0.30W0.70,3.1845,1748.78
Mo0.31W0.69,3.1845,1745.8
Mo0.32W0.68,3.18417,1743.25
Mo0.33W0.67,3.18384,1741.83
Mo0.34W0.66,3.18384,1737.72
Mo0.35W0.65,3.18351,1737.22
Mo0.36W0.64,3.18351,1733.1
Mo0.37W0.63,3.18318,1731.7
Mo0.38W0.62,3.18285,1726.24
Mo0.39W0.61,3.18285,1724.54
Mo0.40W0.60,3.18252,1722.72
Mo0.41W0.59,3.18219,1721.03
Mo0.42W0.58,3.18219,1717.2
Mo0.43W0.57,3.18186,1712.3
Mo0.44W0.56,3.18153,1713.52
Mo0.45W0.55,3.18153,1709.63
Mo0.46W0.54,3.1812,1707.74
Mo0.47W0.53,3.18087,1700.91
Mo0.48W0.52,3.18087,1695.97
Mo0.49W0.51,3.18054,1699.25
Mo0.50W0.50,3.18021,1694.88
Mo0.51W0.49,3.18021,1691.18
Mo0.52W0.48,3.17988,1684.52
Mo0.53W0.47,3.17955,1684.86
Mo0.54W0.46,3.17955,1680.0
Mo0.55W0.45,3.17922,1675.83
Mo0.56W0.44,3.17889,1675.09
Mo0.57W0.43,3.17889,1673.53
Mo0.58W0.42,3.17856,1663.4
Mo0.59W0.41,3.17823,1668.82
Mo0.60W0.40,3.17823,1666.67
Mo0.61W0.39,3.1779,1663.73
Mo0.62W0.38,3.17757,1645.45
Mo0.63W0.37,3.17724,1654.81
Mo0.64W0.36,3.17724,1649.17
Mo0.65W0.35,3.17691,1646.06
Mo0.66W0.34,3.17658,1631.03
Mo0.67W0.33,3.17658,1628.93
Mo0.68W0.32,3.17625,1629.45
Mo0.69W0.31,3.17592,1626.42
Mo0.70W0.30,3.17559,1627.14
Mo0.71W0.29,3.17559,1619.68
Mo0.72W0.28,3.17526,1608.53
Mo0.73W0.27,3.17493,1613.97
Mo0.74W0.26,3.1746,1610.11
Mo0.75W0.25,3.1746,1600.98
Mo0.76W0.24,3.17427,1593.1
Mo0.77W0.23,3.17394,1593.14
Mo0.78W0.22,3.17361,1591.37
Mo0.79W0.21,3.17361,1585.83
Mo0.80W0.20,3.17328,1581.44
Mo0.81W0.19,3.17295,1578.91
Mo0.82W0.18,3.17262,1574.82
Mo0.83W0.17,3.17229,1572.55
Mo0.84W0.16,3.17229,1559.82
Mo0.85W0.15,3.17196,1554.17
Mo0.86W0.14,3.17163,1556.74
Mo0.87W0.13,3.1713,1550.43
Mo0.88W0.12,3.17097,1539.16
Mo0.89W0.11,3.17097,1535.2
Mo0.90W0.10,3.17064,1539.89
Mo0.91W0.09,3.17031,1535.72
Mo0.92W0.08,3.16998,1530.01
Mo0.93W0.07,3.16965,1523.8
Mo0.94W0.06,3.16965,1517.65
Mo0.95W0.05,3.16932,1516.43
Mo0.96W0.04,3.16899,1511.75
Mo0.97W0.03,3.16866,1502.16
Mo0.98W0.02,3.16833,1502.2
Mo0.99W0.01,3.168,1496.7
Nb0.01Ta0.99,3.32343,950.93
Nb0.02Ta0.98,3.32343,950.545
Nb0.03Ta0.97,3.3231,951.125
Nb0.04Ta0.96,3.3231,950.53
Nb0.05Ta0.95,3.3231,950.195
Nb0.06Ta0.94,3.3231,950.015
Nb0.07Ta0.93,3.3231,949.645
Nb0.08Ta0.92,3.3231,948.42
Nb0.09Ta0.91,3.3231,948.41
Nb0.10Ta0.90,3.32277,949.145
Nb0.11Ta0.89,3.32277,948.565
Nb0.12Ta0.88,3.32277,948.715
Nb0.13Ta0.87,3.32277,948.445
Nb0.14Ta0.86,3.32277,947.54
Nb0.15Ta0.85,3.32277,947.3
Nb0.16Ta0.84,3.32277,947.645
Nb0.17Ta0.83,3.32244,948.005
Nb0.18Ta0.82,3.32244,947.645
Nb0.19Ta0.81,3.32244,947.47
Nb0.20Ta0.80,3.32244,947.5
Nb0.21Ta0.79,3.32244,947.29
Nb0.22Ta0.78,3.32244,947.215
Nb0.23Ta0.77,3.32244,947.145
Nb0.24Ta0.76,3.32211,947.12
Nb0.25Ta0.75,3.32211,947.06
Nb0.26Ta0.74,3.32211,946.515
Nb0.27Ta0.73,3.32211,945.735
Nb0.28Ta0.72,3.32211,944.97
Nb0.29Ta0.71,3.32211,944.7
Nb0.30Ta0.70,3.32211,944.745
Nb0.31Ta0.69,3.32211,944.285
Nb0.32Ta0.68,3.32211,944.315
Nb0.33Ta0.67,3.32178,944.575
Nb0.34Ta0.66,3.32178,944.155
Nb0.35Ta0.65,3.32178,944.375
Nb0.36Ta0.64,3.32178,943.35
Nb0.37Ta0.63,3.32178,944.12
Nb0.38Ta0.62,3.32178,943.3
Nb0.39Ta0.61,3.32178,943.19
Nb0.40Ta0.60,3.32178,942.935
Nb0.41Ta0.59,3.32178,943.32
Nb0.42Ta0.58,3.32178,943.005
Nb0.43Ta0.57,3.32178,942.545
Nb0.44Ta0.56,3.32145,942.49
Nb0.45Ta0.55,3.32145,942.32
Nb0.46Ta0.54,3.32145,941.9
Nb0.47Ta0.53,3.32145,941.71
Nb0.48Ta0.52,3.32145,940.995
Nb0.49Ta0.51,3.32145,940.93
Nb0.50Ta0.50,3.32145,940.215
Nb0.51Ta0.49,3.32145,940.255
Nb0.52Ta0.48,3.32145,939.94
Nb0.53Ta0.47,3.32145,940.4
Nb0.54Ta0.46,3.32145,940.065
Nb0.55Ta0.45,3.32145,939.235
Nb0.56Ta0.44,3.32145,939.255
Nb0.57Ta0.43,3.32145,939.225
Nb0.58Ta0.42,3.32145,939.09
Nb0.59Ta0.41,3.32145,938.415
Nb0.60Ta0.40,3.32145,938.565
Nb0.61Ta0.39,3.32145,937.925
Nb0.62Ta0.38,3.32145,937.69
Nb0.63Ta0.37,3.32145,937.6
Nb0.64Ta0.36,3.32145,937.065
Nb0.65Ta0.35,3.32145,936.96
Nb0.66Ta0.34,3.32145,936.15
Nb0.67Ta0.33,3.32145,936.46
Nb0.68Ta0.32,3.32145,936.465
Nb0.69Ta0.31,3.32145,936.835
Nb0.70Ta0.30,3.32145,936.51
Nb0.71Ta0.29,3.32145,936.17
Nb0.72Ta0.28,3.32145,935.86
Nb0.73Ta0.27,3.32145,936.1
Nb0.74Ta0.26,3.32145,935.55
Nb0.75Ta0.25,3.32145,935.67
Nb0.76Ta0.24,3.32145,935.585
Nb0.77Ta0.23,3.32178,934.91
Nb0.78Ta0.22,3.32178,934.865
Nb0.79Ta0.21,3.32178,934.32
Nb0.80Ta0.20,3.32178,934.635
Nb0.81Ta0.19,3.32178,934.955
Nb0.82Ta0.18,3.32178,934.395
Nb0.83Ta0.17,3.32178,934.205
Nb0.84Ta0.16,3.32178,933.535
Nb0.85Ta0.15,3.32178,933.67
Nb0.86Ta0.14,3.32211,932.56
Nb0.87Ta0.13,3.32211,932.365
Nb0.88Ta0.12,3.32211,932.0
Nb0.89Ta0.11,3.32211,932.065
Nb0.90Ta0.10,3.32211,932.18
Nb0.91Ta0.09,3.32244,930.79
Nb0.92Ta0.08,3.32244,930.5
Nb0.93Ta0.07,3.32244,930.605
Nb0.94Ta0.06,3.32244,930.385
Nb0.95Ta0.05,3.32244,930.59
Nb0.96Ta0.04,3.32277,929.995
Nb0.97Ta0.03,3.32277,929.83
Nb0.98Ta0.02,3.32277,929.63
Nb0.99Ta0.01,3.32277,929.51
Nb0.01V0.99,3.00069,848.5
Nb0.02V0.98,3.00465,845.97
Nb0.03V0.97,3.00894,844.84
Nb0.04V0.96,3.0129,839.24
Nb0.05V0.95,3.01686,839.525
Nb0.06V0.94,3.02082,840.075
Nb0.07V0.93,3.02511,832.045
Nb0.08V0.92,3.02907,828.945
Nb0.09V0.91,3.03303,828.285
Nb0.10V0.90,3.03699,822.225
Nb0.11V0.89,3.04062,827.49
Nb0.12V0.88,3.04458,828.43
Nb0.13V0.87,3.04854,830.92
Nb0.14V0.86,3.05217,828.86
Nb0.15V0.85,3.05613,827.505
Nb0.16V0.84,3.05976,826.835
Nb0.17V0.83,3.06339,828.08
Nb0.18V0.82,3.06735,826.62
Nb0.19V0.81,3.07098,823.605
Nb0.20V0.80,3.07461,820.97
Nb0.21V0.79,3.07824,817.73
Nb0.22V0.78,3.08187,819.57
Nb0.23V0.77,3.0855,818.56
Nb0.24V0.76,3.08913,820.33
Nb0.25V0.75,3.09276,820.505
Nb0.26V0.74,3.09639,820.22
Nb0.27V0.73,3.10002,820.675
Nb0.28V0.72,3.10365,820.245
Nb0.29V0.71,3.10695,823.335
Nb0.30V0.70,3.11058,821.205
Nb0.31V0.69,3.11421,815.2
Nb0.32V0.68,3.11751,816.32
Nb0.33V0.67,3.12114,821.905
Nb0.34V0.66,3.12444,821.985
Nb0.35V0.65,3.12807,818.92
Nb0.36V0.64,3.13137,820.615
Nb0.37V0.63,3.13467,818.02
Nb0.38V0.62,3.1383,821.15
Nb0.39V0.61,3.1416,823.65
Nb0.40V0.60,3.1449,830.255
Nb0.41V0.59,3.1482,829.92
Nb0.42V0.58,3.1515,828.185
Nb0.43V0.57,3.1548,831.445
Nb0.44V0.56,3.1581,831.73
Nb0.45V0.55,3.1614,829.335
Nb0.46V0.54,3.16503,830.49
Nb0.47V0.53,3.168,830.75
Nb0.48V0.52,3.1713,831.945
Nb0.49V0.51,3.1746,832.605
Nb0.50V0.50,3.1779,834.61
Nb0.51V0.49,3.1812,834.15
Nb0.52V0.48,3.18417,840.4
Nb0.53V0.47,3.18747,842.605
Nb0.54V0.46,3.19077,836.22
Nb0.55V0.45,3.19374,836.06
Nb0.56V0.44,3.19704,838.49
Nb0.57V0.43,3.20001,840.805
Nb0.58V0.42,3.20331,840.49
Nb0.59V0.41,3.20628,844.225
Nb0.60V0.40,3.20958,841.18
Nb0.61V0.39,3.21255,845.42
Nb0.62V0.38,3.21552,846.64
Nb0.63V0.37,3.21849,846.865
Nb0.64V0.36,3.22179,848.7
Nb0.65V0.35,3.22476,854.3
Nb0.66V0.34,3.22773,852.805
Nb0.67V0.33,3.2307,857.57
Nb0.68V0.32,3.23367,857.94
Nb0.69V0.31,3.23664,859.765
Nb0.70V0.30,3.23961,856.315
Nb0.71V0.29,3.24258,860.88
Nb0.72V0.28,3.24555,863.945
Nb0.73V0.27,3.24852,865.585
Nb0.74V0.26,3.25116,867.21
Nb0.75V0.25,3.25413,874.52
Nb0.76V0.24,3.2571,871.08
Nb0.77V0.23,3.26007,874.75
Nb0.78V0.22,3.26271,876.695
Nb0.79V0.21,3.26568,877.175
Nb0.80V0.20,3.26832,880.495
Nb0.81V0.19,3.27129,879.51
Nb0.82V0.18,3.27426,880.75
Nb0.83V0.17,3.2769,883.135
Nb0.84V0.16,3.27954,887.6
Nb0.85V0.15,3.28251,886.97
Nb0.86V0.14,3.28515,887.86
Nb0.87V0.13,3.28812,890.135
Nb0.88V0.12,3.29076,896.36
Nb0.89V0.11,3.2934,898.945
Nb0.90V0.10,3.29604,900.845
Nb0.91V0.09,3.29901,902.985
Nb0.92V0.08,3.30165,905.765
Nb0.93V0.07,3.30429,907.11
Nb0.94V0.06,3.30693,909.75
Nb0.95V0.05,3.30957,911.215
Nb0.96V0.04,3.31254,915.06
Nb0.97V0.03,3.31518,916.69
Nb0.98V0.02,3.31782,920.0
Nb0.99V0.01,3.32046,922.79
Nb0.01W0.99,3.19077,1790.16
Nb0.02W0.98,3.19176,1785.81
Nb0.03W0.97,3.19275,1783.78
Nb0.04W0.96,3.19341,1778.74
Nb0.05W0.95,3.1944,1776.33
Nb0.06W0.94,3.19539,1774.73
Nb0.07W0.93,3.19638,1771.85
Nb0.08W0.92,3.19737,1766.54
Nb0.09W0.91,3.19803,1760.0
Nb0.10W0.90,3.19902,1755.64
Nb0.11W0.89,3.20001,1751.04
Nb0.12W0.88,3.201,1748.05
Nb0.13W0.87,3.20199,1744.9
Nb0.14W0.86,3.20298,1738.24
Nb0.15W0.85,3.20397,1735.95
Nb0.16W0.84,3.20496,1732.47
Nb0.17W0.83,3.20595,1731.2
Nb0.18W0.82,3.20694,1722.85
Nb0.19W0.81,3.20793,1715.22
Nb0.20W0.80,3.20892,1710.43
Nb0.21W0.79,3.20991,1700.76
Nb0.22W0.78,3.2109,1697.07
Nb0.23W0.77,3.21222,1691.68
Nb0.24W0.76,3.21321,1684.62
Nb0.25W0.75,3.2142,1682.38
Nb0.26W0.74,3.21519,1678.5
Nb0.27W0.73,3.21651,1666.23
Nb0.28W0.72,3.2175,1659.84
Nb0.29W0.71,3.21849,1657.5
Nb0.30W0.70,3.21981,1648.9
Nb0.31W0.69,3.2208,1643.98
Nb0.32W0.68,3.22212,1630.55
Nb0.33W0.67,3.22311,1621.84
Nb0.34W0.66,3.22443,1614.43
Nb0.35W0.65,3.22542,1613.08
Nb0.36W0.64,3.22674,1601.11
Nb0.37W0.63,3.22773,1594.56
Nb0.38W0.62,3.22905,1578.38
Nb0.39W0.61,3.23037,1576.61
Nb0.40W0.60,3.23136,1569.96
Nb0.41W0.59,3.23268,1563.48
Nb0.42W0.58,3.234,1534.12
Nb0.43W0.57,3.23532,1548.78
Nb0.44W0.56,3.23631,1537.2
Nb0.45W0.55,3.23763,1525.16
Nb0.46W0.54,3.23895,1518.35
Nb0.47W0.53,3.24027,1508.88
Nb0.48W0.52,3.24159,1481.42
Nb0.49W0.51,3.24291,1469.25
Nb0.50W0.50,3.24423,1476.42
Nb0.51W0.49,3.24555,1466.89
Nb0.52W0.48,3.24687,1459.26
Nb0.53W0.47,3.24819,1434.91
Nb0.54W0.46,3.24951,1414.52
Nb0.55W0.45,3.25116,1417.87
Nb0.56W0.44,3.25248,1412.84
Nb0.57W0.43,3.2538,1395.7
Nb0.58W0.42,3.25512,1405.4
Nb0.59W0.41,3.25644,1394.96
Nb0.60W0.40,3.25809,1391.31
Nb0.61W0.39,3.25941,1340.43
Nb0.62W0.38,3.26073,1370.47
Nb0.63W0.37,3.26238,1353.51
Nb0.64W0.36,3.2637,1307.74
Nb0.65W0.35,3.26535,1328.48
Nb0.66W0.34,3.26667,1308.83
Nb0.67W0.33,3.26832,1282.28
Nb0.68W0.32,3.26964,1287.2
Nb0.69W0.31,3.27129,1276.04
Nb0.70W0.30,3.27261,1245.1
Nb0.71W0.29,3.27426,1259.17
Nb0.72W0.28,3.27558,1251.38
Nb0.73W0.27,3.27723,1215.52
Nb0.74W0.26,3.27888,1227.15
Nb0.75W0.25,3.2802,1211.82
Nb0.76W0.24,3.28185,1197.3
Nb0.77W0.23,3.2835,1187.62
Nb0.78W0.22,3.28515,1180.62
Nb0.79W0.21,3.28647,1168.42
Nb0.80W0.20,3.28812,1151.46
Nb0.81W0.19,3.28977,1150.0
Nb0.82W0.18,3.29142,1121.41
Nb0.83W0.17,3.29307,1130.23
Nb0.84W0.16,3.29472,1099.16
Nb0.85W0.15,3.29637,1100.3
Nb0.86W0.14,3.29802,1076.11
Nb0.87W0.13,3.29967,1078.12
Nb0.88W0.12,3.30132,1051.07
Nb0.89W0.11,3.30297,1068.34
Nb0.90W0.10,3.30495,1053.65
Nb0.91W0.09,3.3066,1043.38
Nb0.92W0.08,3.30825,1028.85
Nb0.93W0.07,3.3099,1013.83
Nb0.94W0.06,3.31188,1001.79
Nb0.95W0.05,3.31353,984.385
Nb0.96W0.04,3.31551,987.49
Nb0.97W0.03,3.31716,978.79
Nb0.98W0.02,3.31914,952.745
Nb0.99W0.01,3.32112,952.425
Ta0.01V0.99,3.00069,849.17
Ta0.02V0.98,3.00531,845.32
Ta0.03V0.97,3.0096,844.31
Ta0.04V0.96,3.01389,841.495
Ta0.05V0.95,3.01818,840.805
Ta0.06V0.94,3.02214,839.13
Ta0.07V0.93,3.02643,831.945
Ta0.08V0.92,3.03072,829.33
Ta0.09V0.91,3.03468,828.43
Ta0.10V0.90,3.03864,828.52
Ta0.11V0.89,3.04293,826.705
Ta0.12V0.88,3.04689,822.62
Ta0.13V0.87,3.05085,830.565
Ta0.14V0.86,3.05481,823.86
Ta0.15V0.85,3.05844,827.985
Ta0.16V0.84,3.0624,820.355
Ta0.17V0.83,3.06636,826.645
Ta0.18V0.82,3.06999,826.21
Ta0.19V0.81,3.07395,823.1
Ta0.20V0.80,3.07758,820.47
Ta0.21V0.79,3.08121,821.065
Ta0.22V0.78,3.08517,816.275
Ta0.23V0.77,3.0888,815.515
Ta0.24V0.76,3.09243,820.905
Ta0.25V0.75,3.09606,820.49
Ta0.26V0.74,3.09969,820.255
Ta0.27V0.73,3.10299,820.58
Ta0.28V0.72,3.10662,824.735
Ta0.29V0.71,3.11025,825.245
Ta0.30V0.70,3.11355,824.885
Ta0.31V0.69,3.11718,817.755
Ta0.32V0.68,3.12048,818.46
Ta0.33V0.67,3.12411,813.33
Ta0.34V0.66,3.12741,819.895
Ta0.35V0.65,3.13104,824.175
Ta0.36V0.64,3.13434,828.71
Ta0.37V0.63,3.13764,829.985
Ta0.38V0.62,3.14127,826.27
Ta0.39V0.61,3.14457,829.38
Ta0.40V0.60,3.14787,836.14
Ta0.41V0.59,3.15117,836.14
Ta0.42V0.58,3.15447,835.485
Ta0.43V0.57,3.15777,841.37
Ta0.44V0.56,3.16074,840.59
Ta0.45V0.55,3.16404,838.615
Ta0.46V0.54,3.16734,841.03
Ta0.47V0.53,3.17064,840.76
Ta0.48V0.52,3.17394,841.245
Ta0.49V0.51,3.17724,843.3
Ta0.50V0.50,3.18021,847.26
Ta0.51V0.49,3.18351,847.69
Ta0.52V0.48,3.18681,849.47
Ta0.53V0.47,3.19011,851.37
Ta0.54V0.46,3.19308,850.77
Ta0.55V0.45,3.19638,857.75
Ta0.56V0.44,3.19968,857.125
Ta0.57V0.43,3.20265,855.615
Ta0.58V0.42,3.20562,855.61
Ta0.59V0.41,3.20892,854.54
Ta0.60V0.40,3.21189,856.525
Ta0.61V0.39,3.21519,857.14
Ta0.62V0.38,3.21816,863.23
Ta0.63V0.37,3.22146,866.475
Ta0.64V0.36,3.22443,866.41
Ta0.65V0.35,3.2274,870.965
Ta0.66V0.34,3.2307,876.19
Ta0.67V0.33,3.23367,871.255
Ta0.68V0.32,3.23664,876.625
Ta0.69V0.31,3.23961,874.4
Ta0.70V0.30,3.24258,877.84
Ta0.71V0.29,3.24555,880.235
Ta0.72V0.28,3.24852,883.235
Ta0.73V0.27,3.25149,886.43
Ta0.74V0.26,3.25446,888.445
Ta0.75V0.25,3.25743,896.1
Ta0.76V0.24,3.2604,894.3
Ta0.77V0.23,3.26337,897.105
Ta0.78V0.22,3.26634,899.385
Ta0.79V0.21,3.26898,900.445
Ta0.80V0.20,3.27195,901.06
Ta0.81V0.19,3.27459,902.13
Ta0.82V0.18,3.27756,903.975
Ta0.83V0.17,3.2802,906.36
Ta0.84V0.16,3.28284,911.47
Ta0.85V0.15,3.28581,910.78
Ta0.86V0.14,3.28845,911.425
Ta0.87V0.13,3.29109,914.97
Ta0.88V0.12,3.29373,919.78
Ta0.89V0.11,3.29637,922.905
Ta0.90V0.10,3.29901,924.465
Ta0.91V0.09,3.30132,927.355
Ta0.92V0.08,3.30396,930.72
Ta0.93V0.07,3.3066,931.6
Ta0.94V0.06,3.30891,935.145
Ta0.95V0.05,3.31155,934.63
Ta0.96V0.04,3.31386,937.94
Ta0.97V0.03,3.31617,941.29
Ta0.98V0.02,3.31881,943.435
Ta0.99V0.01,3.32112,945.95
Ta0.01W0.99,3.19077,1793.12
Ta0.02W0.98,3.19176,1791.67
Ta0.03W0.97,3.19275,1792.26
Ta0.04W0.96,3.19374,1787.53
Ta0.05W0.95,3.19473,1787.02
Ta0.06W0.94,3.19539,1788.39
Ta0.07W0.93,3.19638,1787.08
Ta0.08W0.92,3.19737,1784.51
Ta0.09W0.91,3.19836,1778.55
Ta0.10W0.90,3.19935,1775.42
Ta0.11W0.89,3.20034,1772.36
Ta0.12W0.88,3.201,1770.69
Ta0.13W0.87,3.20199,1768.73
Ta0.14W0.86,3.20298,1765.1
Ta0.15W0.85,3.20397,1763.65
Ta0.16W0.84,3.20496,1761.16
Ta0.17W0.83,3.20595,1760.53
Ta0.18W0.82,3.20694,1753.13
Ta0.19W0.81,3.20793,1746.33
Ta0.20W0.80,3.20892,1741.17
Ta0.21W0.79,3.20991,1731.4
Ta0.22W0.78,3.2109,1727.8
Ta0.23W0.77,3.21222,1722.05
Ta0.24W0.76,3.21321,1716.72
Ta0.25W0.75,3.2142,1716.02
Ta0.26W0.74,3.21519,1714.65
Ta0.27W0.73,3.21618,1711.39
Ta0.28W0.72,3.2175,1695.53
Ta0.29W0.71,3.21849,1693.28
Ta0.30W0.70,3.21948,1689.86
Ta0.31W0.69,3.2208,1681.78
Ta0.32W0.68,3.22179,1671.26
Ta0.33W0.67,3.22278,1662.07
Ta0.34W0.66,3.2241,1651.32
Ta0.35W0.65,3.22542,1648.97
Ta0.36W0.64,3.22641,1640.36
Ta0.37W0.63,3.22773,1630.58
Ta0.38W0.62,3.22872,1616.41
Ta0.39W0.61,3.23004,1614.26
Ta0.40W0.60,3.23136,1606.35
Ta0.41W0.59,3.23235,1600.46
Ta0.42W0.58,3.23367,1590.71
Ta0.43W0.57,3.23499,1566.25
Ta0.44W0.56,3.23631,1571.83
Ta0.45W0.55,3.23763,1560.71
Ta0.46W0.54,3.23895,1553.92
Ta0.47W0.53,3.24027,1543.88
Ta0.48W0.52,3.24159,1517.9
Ta0.49W0.51,3.24291,1504.14
Ta0.50W0.50,3.24423,1509.87
Ta0.51W0.49,3.24555,1500.39
Ta0.52W0.48,3.24687,1492.75
Ta0.53W0.47,3.24819,1468.38
Ta0.54W0.46,3.24984,1464.53
Ta0.55W0.45,3.25116,1450.16
Ta0.56W0.44,3.25248,1446.34
Ta0.57W0.43,3.25413,1442.37
Ta0.58W0.42,3.25545,1435.57
Ta0.59W0.41,3.2571,1389.25
Ta0.60W0.40,3.25842,1379.32
Ta0.61W0.39,3.26007,1406.95
Ta0.62W0.38,3.26139,1396.6
Ta0.63W0.37,3.26304,1378.69
Ta0.64W0.36,3.26436,1363.87
Ta0.65W0.35,3.26601,1322.51
Ta0.66W0.34,3.26766,1331.87
Ta0.67W0.33,3.26931,1307.97
Ta0.68W0.32,3.27063,1311.26
Ta0.69W0.31,3.27228,1301.22
Ta0.70W0.30,3.27393,1298.49
Ta0.71W0.29,3.27558,1280.89
Ta0.72W0.28,3.27723,1245.79
Ta0.73W0.27,3.27888,1261.63
Ta0.74W0.26,3.28053,1226.76
Ta0.75W0.25,3.28218,1232.43
Ta0.76W0.24,3.28383,1204.32
Ta0.77W0.23,3.28548,1208.59
Ta0.78W0.22,3.28713,1182.45
Ta0.79W0.21,3.28878,1188.13
Ta0.80W0.20,3.29043,1168.98
Ta0.81W0.19,3.29208,1167.56
Ta0.82W0.18,3.29373,1141.64
Ta0.83W0.17,3.29538,1148.35
Ta0.84W0.16,3.29703,1119.48
Ta0.85W0.15,3.29868,1118.19
Ta0.86W0.14,3.30033,1095.35
Ta0.87W0.13,3.30198,1096.22
Ta0.88W0.12,3.30363,1070.63
Ta0.89W0.11,3.30528,1086.7
Ta0.90W0.10,3.30693,1054.64
Ta0.91W0.09,3.30858,1062.14
Ta0.92W0.08,3.31023,1046.57
Ta0.93W0.07,3.31188,1033.14
Ta0.94W0.06,3.31353,1014.24
Ta0.95W0.05,3.31518,1017.85
Ta0.96W0.04,3.31683,992.505
Ta0.97W0.03,3.31848,998.61
Ta0.98W0.02,3.32013,974.42
Ta0.99W0.01,3.32178,973.71
V0.01W0.99,3.18813,1790.26
V0.02W0.98,3.18615,1789.26
V0.03W0.97,3.1845,1788.08
V0.04W0.96,3.18252,1784.76
V0.05W0.95,3.18087,1784.19
V0.06W0.94,3.17889,1782.94
V0.07W0.93,3.17724,1780.0
V0.08W0.92,3.17526,1778.92
V0.09W0.91,3.17361,1773.28
V0.10W0.90,3.17163,1770.83
V0.11W0.89,3.16998,1768.36
V0.12W0.88,3.168,1764.66
V0.13W0.87,3.16635,1761.74
V0.14W0.86,3.1647,1752.83
V0.15W0.85,3.16272,1753.5
V0.16W0.84,3.16107,1747.1
V0.17W0.83,3.15942,1748.37
V0.18W0.82,3.15744,1742.55
V0.19W0.81,3.15579,1734.32
V0.20W0.80,3.15414,1727.77
V0.21W0.79,3.15216,1725.07
V0.22W0.78,3.15051,1714.62
V0.23W0.77,3.14886,1710.7
V0.24W0.76,3.14688,1706.42
V0.25W0.75,3.14523,1702.06
V0.26W0.74,3.14358,1695.65
V0.27W0.73,3.14193,1687.8
V0.28W0.72,3.13995,1690.03
V0.29W0.71,3.1383,1673.45
V0.30W0.70,3.13665,1673.11
V0.31W0.69,3.13467,1662.78
V0.32W0.68,3.13302,1651.98
V0.33W0.67,3.13137,1643.86
V0.34W0.66,3.12939,1636.91
V0.35W0.65,3.12774,1621.64
V0.36W0.64,3.12609,1624.46
V0.37W0.63,3.12444,1608.62
V0.38W0.62,3.12246,1595.92
V0.39W0.61,3.12081,1592.55
V0.40W0.60,3.11916,1584.6
V0.41W0.59,3.11718,1577.76
V0.42W0.58,3.11553,1545.37
V0.43W0.57,3.11355,1562.5
V0.44W0.56,3.1119,1546.28
V0.45W0.55,3.11025,1533.02
V0.46W0.54,3.10827,1527.23
V0.47W0.53,3.10662,1501.78
V0.48W0.52,3.10464,1489.75
V0.49W0.51,3.10299,1496.65
V0.50W0.50,3.10101,1478.1
V0.51W0.49,3.09936,1468.5
V0.52W0.48,3.09738,1460.86
V0.53W0.47,3.09573,1430.82
V0.54W0.46,3.09375,1434.0
V0.55W0.45,3.0921,1417.39
V0.56W0.44,3.09012,1393.19
V0.57W0.43,3.08814,1411.08
V0.58W0.42,3.08616,1403.34
V0.59W0.41,3.08451,1350.88
V0.60W0.40,3.08253,1342.89
V0.61W0.39,3.08055,1374.83
V0.62W0.38,3.07857,1362.0
V0.63W0.37,3.07659,1340.75
V0.64W0.36,3.07461,1293.61
V0.65W0.35,3.07263,1316.04
V0.66W0.34,3.07065,1294.21
V0.67W0.33,3.06867,1279.46
V0.68W0.32,3.06669,1273.25
V0.69W0.31,3.06471,1234.03
V0.70W0.30,3.06273,1258.1
V0.71W0.29,3.06075,1238.87
V0.72W0.28,3.05877,1228.96
V0.73W0.27,3.05679,1219.43
V0.74W0.26,3.05448,1205.58
V0.75W0.25,3.0525,1158.65
V0.76W0.24,3.05052,1166.24
V0.77W0.23,3.04821,1136.51
V0.78W0.22,3.04623,1146.68
V0.79W0.21,3.04425,1132.36
V0.80W0.20,3.04194,1119.08
V0.81W0.19,3.03996,1108.57
V0.82W0.18,3.03765,1096.79
V0.83W0.17,3.03567,1088.0
V0.84W0.16,3.03336,1057.58
V0.85W0.15,3.03105,1053.18
V0.86W0.14,3.02907,1043.18
V0.87W0.13,3.02676,1027.5
V0.88W0.12,3.02445,1018.36
V0.89W0.11,3.02214,1012.17
V0.90W0.10,3.01983,996.095
V0.91W0.09,3.01785,983.85
V0.92W0.08,3.01554,967.835
V0.93W0.07,3.01323,949.84
V0.94W0.06,3.01092,938.25
V0.95W0.05,3.00861,931.265
V0.96W0.04,3.00597,904.685
V0.97W0.03,3.00366,906.77
V0.98W0.02,3.00135,892.505
V0.99W0.01,2.99871,879.795
Mo0.33Nb0.33Ta0.33,3.2637,1252.875212
Mo0.33Nb0.33V0.33,3.16932,1207.535636
Mo0.33Nb0.33W0.33,3.21882,1547.547882
Mo0.33V0.33W0.33,3.12246,1588.40031
Mo0.33Ta0.33V0.33,3.16932,1213.718992
Nb0.33Ta0.33V0.33,3.2307,860.879902
Nb0.33V0.33W0.33,3.17691,1267.011084
Nb0.33Ta0.33W0.33,3.26799,1329.66824
Ta0.33V0.33W0.33,3.17724,1285.338251
Mo0.33Ta0.33W0.33,3.21816,1595.54207
Mo1.00,3.16767,1484.99
Nb1.00,3.3231,928.685
Ta1.00,3.32343,951.3
V1.00,2.9964,852.105
W1.00,3.19011,1791.61
Mo0.25Nb0.25Ta0.25V0.25,3.20958,1124.64
Mo0.25Nb0.25Ta0.25W0.25,3.24093,1471.2
Mo0.25Nb0.25V0.25W0.25,3.17196,1421.51
Mo0.25Ta0.25V0.25W0.25,3.17229,1458.14
Nb0.25Ta0.25V0.25W0.25,3.2142,1196.96
Mo0.20Nb0.20Ta0.20V0.20W0.20,3.20199,1352.85
